<?xml version="1.0" encoding="utf-8" standalone="yes"?>
<rss version="2.0" xmlns:atom="http://www.w3.org/2005/Atom">
  <channel>
    <title>Blog on My New Hugo Site</title>
    <link>http://localhost:1313/categories/blog/</link>
    <description>Recent content in Blog on My New Hugo Site</description>
    <generator>Hugo</generator>
    <language>en-us</language>
    <lastBuildDate>Sat, 18 Jun 2022 11:10:36 +0800</lastBuildDate>
    <atom:link href="http://localhost:1313/categories/blog/index.xml" rel="self" type="application/rss+xml" />
    <item>
      <title>Blog Post 1</title>
      <link>http://localhost:1313/posts/blog-post-1/</link>
      <pubDate>Sat, 18 Jun 2022 11:10:36 +0800</pubDate>
      <guid>http://localhost:1313/posts/blog-post-1/</guid>
      <description>Lorem ipsum dolor sit amet, consectetur adipiscing elit. Sed cursus, odio nec venenatis lacinia, lacus lectus varius nisi, in tristique mi purus ut libero.</description>
    </item>
    <item>
      <title>Blog Post 2</title>
      <link>http://localhost:1313/posts/blog-post-2/</link>
      <pubDate>Sat, 18 Dec 2021 11:10:36 +0800</pubDate>
      <guid>http://localhost:1313/posts/blog-post-2/</guid>
      <description>Lorem ipsum dolor sit amet, consectetur adipiscing elit. Sed cursus, odio nec venenatis lacinia, lacus lectus varius nisi, in tristique mi purus ut libero.</description>
    </item>
    <item>
      <title>Blog Post 3</title>
      <link>http://localhost:1313/posts/blog-post-3/</link>
      <pubDate>Sat, 18 Dec 2021 11:10:36 +0800</pubDate>
      <guid>http://localhost:1313/posts/blog-post-3/</guid>
      <description>Lorem ipsum dolor sit amet, consectetur adipiscing elit. Sed cursus, odio nec venenatis lacinia, lacus lectus varius nisi, in tristique mi purus ut libero.</description>
    </item>
    <item>
      <title>Blog Post 4</title>
      <link>http://localhost:1313/posts/blog-post-4/</link>
      <pubDate>Sat, 18 Dec 2021 11:10:36 +0800</pubDate>
      <guid>http://localhost:1313/posts/blog-post-4/</guid>
      <description>Lorem ipsum dolor sit amet, consectetur adipiscing elit. Sed cursus, odio nec venenatis lacinia, lacus lectus varius nisi, in tristique mi purus ut libero.</description>
    </item>
    <item>
      <title>Blog Post 5</title>
      <link>http://localhost:1313/posts/blog-post-5/</link>
      <pubDate>Sat, 18 Dec 2021 11:10:36 +0800</pubDate>
      <guid>http://localhost:1313/posts/blog-post-5/</guid>
      <description>Lorem ipsum dolor sit amet, consectetur adipiscing elit. Sed cursus, odio nec venenatis lacinia, lacus lectus varius nisi, in tristique mi purus ut libero.</description>
    </item>
    <item>
      <title>Blog Post 6</title>
      <link>http://localhost:1313/posts/blog-post-6/</link>
      <pubDate>Sat, 18 Dec 2021 11:10:36 +0800</pubDate>
      <guid>http://localhost:1313/posts/blog-post-6/</guid>
      <description>Lorem ipsum dolor sit amet, consectetur adipiscing elit. Sed cursus, odio nec venenatis lacinia, lacus lectus varius nisi, in tristique mi purus ut libero.</description>
    </item>
    <item>
      <title>Blog Post 7</title>
      <link>http://localhost:1313/posts/blog-post-7/</link>
      <pubDate>Sat, 18 Dec 2021 11:10:36 +0800</pubDate>
      <guid>http://localhost:1313/posts/blog-post-7/</guid>
      <description>Lorem ipsum dolor sit amet, consectetur adipiscing elit. Sed cursus, odio nec venenatis lacinia, lacus lectus varius nisi, in tristique mi purus ut libero.</description>
    </item>
  </channel>
</rss>
