<?xml version="1.0" encoding="utf-8" standalone="yes"?>
<rss version="2.0" xmlns:atom="http://www.w3.org/2005/Atom">
  <channel>
    <title>News on My New Hugo Site</title>
    <link>http://localhost:1313/categories/news/</link>
    <description>Recent content in News on My New Hugo Site</description>
    <generator>Hugo</generator>
    <language>en-us</language>
    <lastBuildDate>Wed, 18 May 2022 11:10:36 +0800</lastBuildDate>
    <atom:link href="http://localhost:1313/categories/news/index.xml" rel="self" type="application/rss+xml" />
    <item>
      <title>News Post 1</title>
      <link>http://localhost:1313/posts/news-post-1/</link>
      <pubDate>Wed, 18 May 2022 11:10:36 +0800</pubDate>
      <guid>http://localhost:1313/posts/news-post-1/</guid>
      <description>Lorem ipsum dolor sit amet, consectetur adipiscing elit. Sed cursus, odio nec venenatis lacinia, lacus lectus varius nisi, in tristique mi purus ut libero.</description>
    </item>
    <item>
      <title>News Post 2</title>
      <link>http://localhost:1313/posts/news-post-2/</link>
      <pubDate>Mon, 18 Apr 2022 11:10:36 +0800</pubDate>
      <guid>http://localhost:1313/posts/news-post-2/</guid>
      <description>Lorem ipsum dolor sit amet, consectetur adipiscing elit. Sed cursus, odio nec venenatis lacinia, lacus lectus varius nisi, in tristique mi purus ut libero.</description>
    </item>
    <item>
      <title>News Post 4</title>
      <link>http://localhost:1313/posts/news-post-4/</link>
      <pubDate>Fri, 18 Mar 2022 11:10:36 +0800</pubDate>
      <guid>http://localhost:1313/posts/news-post-4/</guid>
      <description>&lt;p&gt;Lorem ipsum dolor sit amet, consectetur adipiscing elit. Sed cursus, odio nec venenatis lacinia, lacus lectus varius nisi, in tristique mi purus ut libero.&lt;/p&gt;</description>
    </item>
    <item>
      <title>News Post 5</title>
      <link>http://localhost:1313/posts/news-post-5/</link>
      <pubDate>Fri, 18 Mar 2022 11:10:36 +0800</pubDate>
      <guid>http://localhost:1313/posts/news-post-5/</guid>
      <description>&lt;p&gt;Lorem ipsum dolor sit amet, consectetur adipiscing elit. Sed cursus, odio nec venenatis lacinia, lacus lectus varius nisi, in tristique mi purus ut libero.&lt;/p&gt;</description>
    </item>
    <item>
      <title>News Post 6</title>
      <link>http://localhost:1313/posts/news-post-6/</link>
      <pubDate>Fri, 18 Mar 2022 11:10:36 +0800</pubDate>
      <guid>http://localhost:1313/posts/news-post-6/</guid>
      <description>&lt;p&gt;Lorem ipsum dolor sit amet, consectetur adipiscing elit. Sed cursus, odio nec venenatis lacinia, lacus lectus varius nisi, in tristique mi purus ut libero.&lt;/p&gt;</description>
    </item>
    <item>
      <title>News Post 7</title>
      <link>http://localhost:1313/posts/news-post-7/</link>
      <pubDate>Fri, 18 Mar 2022 11:10:36 +0800</pubDate>
      <guid>http://localhost:1313/posts/news-post-7/</guid>
      <description>&lt;p&gt;Lorem ipsum dolor sit amet, consectetur adipiscing elit. Sed cursus, odio nec venenatis lacinia, lacus lectus varius nisi, in tristique mi purus ut libero.&lt;/p&gt;</description>
    </item>
    <item>
      <title>News Post 3</title>
      <link>http://localhost:1313/posts/news-post-3/</link>
      <pubDate>Sat, 18 Dec 2021 11:10:36 +0800</pubDate>
      <guid>http://localhost:1313/posts/news-post-3/</guid>
      <description>Lorem ipsum dolor sit amet, consectetur adipiscing elit. Sed cursus, odio nec venenatis lacinia, lacus lectus varius nisi, in tristique mi purus ut libero.</description>
    </item>
  </channel>
</rss>
