<?xml version="1.0" encoding="utf-8" standalone="yes"?>
<rss version="2.0" xmlns:atom="http://www.w3.org/2005/Atom" xmlns:content="http://purl.org/rss/1.0/modules/content/">
  <channel>
    <title>EAHIL</title>
    <link>http://localhost:1313/</link>
    <description>Recent content on EAHIL</description>
    <generator>Hugo -- 0.139.3</generator>
    <language>en-us</language>
    <lastBuildDate></lastBuildDate>
    <atom:link href="http://localhost:1313/index.xml" rel="self" type="application/rss+xml" />
  </channel>
</rss>
